fixture_id,t106b_original_tokens,t106b_n_original,t106b_compressed_tokens,t114_original_tokens,t114_precompression_tokens,t114_n_original,t114_compressed_tokens,t106b_output_tokens,t114_output_tokens,t106b_cap_hit,t114_cap_hit,t106b_extracted_answer,t114_extracted_answer,t106b_strict_correct,t114_strict_correct,t106b_wrong_numeric,t114_wrong_numeric,t106b_invalid,t114_invalid,t106b_label,t114_label_task95b,t114_row_cap_hit_field,t106b_prompt_hash,t114_prompt_hash,t114_precompression_prompt_hash,difference_category
gsm8k_short_test_0001,16,16,8,103,103,16,8,130,184,False,False,2180,2180,False,False,True,True,False,False,strict_wrong_numeric,strict_wrong_numeric,False,e97c0a6085ab296469dbd88cc0e0319c5fb807872b83d68451a7d92cfcfdec64,86f2ec8c8f51b6887c5f8bf21b6b927bd11cc55cb1669c2ddab7310a3251ff74,9ad68c9456e2cabf9a86c79b24bc4d8dcfbb9f724c80eb35686177e900d534dc,prompt_difference
gsm8k_short_test_0002,16,16,8,97,97,16,8,96,111,False,False,1,1,True,True,False,False,False,False,strict_correct,strict_correct,False,851366c8b1f06a1007546ec481215757eb1fbfd2d763560ad5550764730f6461,a495c13c9f80b0bcfad586f8b3a96683cc7587b43eb0c063e35ef08f106fc8c4,e2a77573c3c99a06c6caa011d06ab1a5bb7b34aa0e53c23f561874dfcb927cc6,prompt_difference
gsm8k_short_test_0003,16,16,8,91,91,16,8,126,164,False,False,5,5,True,True,False,False,False,False,strict_correct,strict_correct,False,0b4f028a783a908d99ffb6a6bb577d33763ccd86354991a4b0c9d22020820e07,83258bc36dbafb0e158aa90042918d803db8e4b7a641c3ca57757ac125085b30,9fbf8587bc0aba1a993a13fbc413e5813714c8489ce0b3ed7cee6c6fbf5e310a,prompt_difference
gsm8k_short_test_0004,16,16,8,91,91,16,8,100,123,False,False,3,12,False,True,True,False,False,False,strict_wrong_numeric,strict_correct,False,00cc1e1bf4fa390be2d44f8d13570dc32f8996bee2f07bbfe40ef964a5f23641,a8dfde49cd725b17daa7cdb6a75e8892ac5b06785f5d5ca0cab0db64a1a129c3,efb4f97ab4b99f8b5b712bf5742e1164c599214597c50fd834e49b934e9fb2f1,prompt_difference
gsm8k_short_test_0005,16,16,8,104,104,16,8,113,132,False,False,273,273,True,True,False,False,False,False,strict_correct,strict_correct,False,e3c45e0a96242381d90dc98559b8a3d8f39390a0d8b017bff5c50f23afea4bad,d4e478fc969a78e3b6cbc79c51c6ed1a90cea27960d8f3beb84d3127a893554a,913dd53052d7a68db42fe7b6bc44f8c4f32e2de7a533d9b4f5b20916b867a9b3,prompt_difference
gsm8k_short_test_0006,16,16,8,119,119,16,8,69,187,False,False,45,45,True,True,False,False,False,False,strict_correct,strict_correct,False,2ec47193677bc08ff9f8a1b3e21cace7b0d8480778facb1fa138cefc01705ec4,43543359cd6f695529fd2bba0b8840c8ec3a8c718908a26ecf8d409bc57ee0e8,996284780c5978046c59e9820c4da9a392af531d8f5b880a5f2cff5beb27b3ab,prompt_difference
gsm8k_short_test_0007,16,16,8,68,68,16,8,58,65,False,False,21,21,True,True,False,False,False,False,strict_correct,strict_correct,False,df8485804949ba8bc06cce433f584c20b14eab09fc55b09f054af1cc099bdaec,838ce0dfe5c5d40391a024b7d1cb477b6d469ff8b08bd9503513b300a777ad6a,83d36fdb453e9167d1bbd73a3819b651508f76c40a84f313a750613b18a796d7,prompt_difference
gsm8k_short_test_0008,16,16,8,79,79,16,8,144,256,False,True,145,240,True,False,False,True,False,False,strict_correct,cap_limited_incomplete,True,04fa13aca80d88d9a8211d63f35ba929e63c1ea53ccfb08bf7e50cd359f54448,272b11a0f84598b8e7c2f994c3aa117889a749495f4d82caa5b77edb22bcf370,f03c8f4565ee8fbda1c0d21bc977baf8e7784eadbaaa1cd0380755916e22e627,prompt_difference
gsm8k_short_test_0009,16,16,8,84,84,16,8,63,95,False,False,60,60,True,True,False,False,False,False,strict_correct,strict_correct,False,f3580a90ce69c44eb0613dc7c41f23145bed0ec58a0df43b4cd539651869803a,a6a2f50e665064066210c91e3f9e7019efb202609d9cbee3692e1471bb8e0aad,dea5889dd9c4e9ef3c39a5263a38b8396c5022f5934aafb07459096391eec473,prompt_difference
gsm8k_short_test_0010,16,16,8,84,84,16,8,94,161,False,False,122,122,True,True,False,False,False,False,strict_correct,strict_correct,False,b53f2d836fd013fff544b5c7d1086595575e67db1173f9e0557facbe434e11fb,36f50b2c2b81618c31a41398b5d73bdcf0ad4d1b00600ca88399ed136eb0fd17,4ac7a0255681d9ce4991967563dfe9605f7b1701f2a960c92657bdc6662c3791,prompt_difference
gsm8k_short_test_0011,16,16,8,204,204,16,8,142,227,False,False,29,30,True,False,False,True,False,False,strict_correct,strict_wrong_numeric,False,97486aa0d281964429ad1d794b7b36314cbbc4f0afdc4123608337cdcde2f7b1,2d2f73ddd03f0b0c84a8b6cfb9a3a01c95baf606eba56023ef80eb5c9e21a1f1,ffa0dd1ed0d9707cb70efea3497844bba02e7c79c3e28e7239b8fa6f6b2da2c6,prompt_difference
gsm8k_short_test_0012,16,16,8,106,106,16,8,110,181,False,False,80,80,True,True,False,False,False,False,strict_correct,strict_correct,False,222fdb03aa88f27de6261df7fb8a05aa35684b8c3e39783c186b8e9de90c2b70,8d36b0f454381d2471e5cd9289c559526b9a5adf10b09776e3b008d8691cbcb3,fde31d90ca04d595e8840b2edaa2713ce0291a7c194f64d89cd37ed64ca1668c,prompt_difference
gsm8k_short_test_0013,16,16,8,89,89,16,8,87,94,False,False,36,36,True,True,False,False,False,False,strict_correct,strict_correct,False,b46a436ae3bb6df6eb9823eb5e6c73c1e9931409ce705fab43cff0e199df22d2,81d37f1ceeff3e9b7bb65a47f341f9a7733888cdeab7eb761be91cebd4906c61,72a09c69fa1add4d1e03c63e71b2916790519a23e2017c2d6a134daaeb160300,prompt_difference
gsm8k_short_test_0014,16,16,8,103,103,16,8,60,144,False,False,1430,1430,True,True,False,False,False,False,strict_correct,strict_correct,False,dc8dd0d25bf6a2b8e80bc76fa879deb5c6ac3f3797c5a3179d3a0fd5fc0792fd,20b7ead6a2d4eb14e5123f14185486edccedfdb29468496bf7246286e8758d54,c2b3e9aed39a7cee8bc566511e2d3dc9dabb39d5eb0afaad50b9f0d977ed4952,prompt_difference
gsm8k_short_test_0015,16,16,8,78,78,16,8,93,138,False,False,5,5,True,True,False,False,False,False,strict_correct,strict_correct,False,c36330d6f5c03fe6e2845044e5b88ad215488cf0cdebbe551700f0429c202e48,efd4f022b0494326712b4d45a4c1da1fbfb9f5755ae33887e912dcbb3e81e047,1b8742ee72c998497867fcb520adb30b07cc0c5eee7a1627ad9340e863677558,prompt_difference
gsm8k_short_test_0016,16,16,8,90,90,16,8,96,114,False,False,5,5,True,True,False,False,False,False,strict_correct,strict_correct,False,2ba515ab10d963819c8c110bbef89454432413c6c5e6bef51c6399555cfd12b4,35d87dfea11ccd29cc1416d3bfda5a1874a4d259e12ea52637eab97ed48ec7bb,a4ab94aa0a5440f2035df3813a86f1e55a0e75e55b2386c3b06089856defbe19,prompt_difference
gsm8k_short_test_0017,16,16,8,89,89,16,8,78,85,False,False,5,5,True,True,False,False,False,False,strict_correct,strict_correct,False,6424f14c85fb47e5b166a3d78e6e3f9dae5545c6efc1f4b21235456bb6346b75,79ebd1b29571a0938e70b015a380f07199fc2b3d1d66be8a1c791244683ffb5b,da79204cf839dee14279712f8028c54863a64c25e93af28896014fea54fd1d97,prompt_difference
gsm8k_short_test_0018,16,16,8,79,79,16,8,77,91,False,False,66,66,True,True,False,False,False,False,strict_correct,strict_correct,False,7e629de651e0483e9c00ba352c3873afdba091fc718f2c33a313fe4a461466b6,28736af6eaad001bb32e8f3bfa2cc7e2592750833f2e9c936753b9fe3f4491d3,32dbe430cf8e256ff230b83973669330518a482d88f54d9d771af4b12bd9f1c1,prompt_difference
gsm8k_short_test_0019,16,16,8,89,89,16,8,61,97,False,False,15,15,True,True,False,False,False,False,strict_correct,strict_correct,False,da9ecb8b1adc8a2924a7f1800e69821264850777dcc70d2741743b4a1165733b,82582d8b8fcb48d1ed62e5bb85728422b8f204287229c2b680da4481a1860ea9,4fef1fe20c5f80a2f86b232360565add3889e73f8d8a4ecff7a4e07262527c54,prompt_difference
gsm8k_short_test_0020,16,16,8,124,124,16,8,123,170,False,False,28,40,False,True,True,False,False,False,strict_wrong_numeric,strict_correct,False,3585aed573485317f67da9c66a5d13cc85a501b3c3d5843d68d0dbfa8b1a74c6,ca4d72ba98103d8ce1dc4f924fb63500a5d0529d820ea0cf1d77bcad95dd2ac4,179e914ef81b781e788859a8e27f08082c1b23ab9c2904ccdc085b3c2067dd7e,prompt_difference
gsm8k_short_test_0021,16,16,8,74,74,16,8,43,76,False,False,93,93,True,True,False,False,False,False,strict_correct,strict_correct,False,323478782bdec87fed307339cfe5fa084e67e49bb690e837ba974f96aa0dbda2,081acb5632d23531293d50197d1008306fa7ca64b0daa96b86e4e749134b3d11,a3d3875847252f18cf940095b5b19fdf46239de5aa493a1b6f2a5dfe574ee1fb,prompt_difference
gsm8k_short_test_0022,16,16,8,134,134,16,8,196,179,False,False,2000,2000,True,True,False,False,False,False,strict_correct,strict_correct,False,49df1f5690b81f91c5362aa3aff50194ab928dd22fc7473a41251095e3c99abd,d1fc59e1f8e5c4444a60e8fcc98407d55e2418483ae3978a243eb1044a22ca17,90172a4b79252cb86e2823e4103baf2d59e608a6f229a01d29c5b9c5beb4f9b6,prompt_difference
gsm8k_short_test_0023,16,16,8,96,96,16,8,81,212,False,False,1520,1520,True,True,False,False,False,False,strict_correct,strict_correct,False,500940cf1534542db987edafa366452dcd02c7d713e170d1db30d7b65c6a5f0a,8afae2b20329eb4ceb1832b24c7488b993556de90619e0438a38be3766496d73,3639e334d4cd565ecf22858390393e63a7e465f45ca523ebbcc901fc9f257449,prompt_difference
gsm8k_short_test_0024,16,16,8,104,104,16,8,127,239,False,False,11050,11050,True,True,False,False,False,False,strict_correct,strict_correct,False,d9d7d3b8a50219dc2f3babe04230b36834069aa2be09c02d3e5b9c5cef81355e,d54e9329253a3e41cf10bb85d4640fe2b633ecbdc829c193589ad119f2ae0872,8d37daac29545b28bac10fc03c1f27176d44997ac9bfb542eb36c98a83e635b4,prompt_difference
gsm8k_short_test_0025,16,16,8,124,124,16,8,119,247,False,False,90,90,True,True,False,False,False,False,strict_correct,strict_correct,False,a9f8b9a9f7dfa0c971f26204fdbdec8486b3ad1f69a7a32ac0b5ee6ffe34d89f,68fb51a8887db5bffe022947d05bd3c6d36df67ab7b5232ee0be4a65eefa49d0,79584fd86ff44b17c502bd88b1a81084daa2c7bdde9d55f76a52344d1335e726,prompt_difference
gsm8k_short_test_0026,16,16,8,109,109,16,8,140,145,False,False,40000,40000,True,True,False,False,False,False,strict_correct,strict_correct,False,aba627b960de08a8985a3fe7a90ca8312ab7bbe46c54d4aeefac2a3c7be94585,7eb9b640ede89ba4694ab898185394542d6b3ab40103dbfa410aae67e657f140,c5e35b5b98fec84971fca83d0122a1d53c618a13017614f2465b2d37c1fd33b9,prompt_difference
gsm8k_short_test_0027,16,16,8,108,108,16,8,56,97,False,False,21,21,True,True,False,False,False,False,strict_correct,strict_correct,False,271d32be6b792f3c1c1b39bbfb8c86ad8ea23c5f06ad64cd1919fc4b3b72b7c3,cde7154aafe03f44b1226cb07ad3a53e253a307658bbf5844cedd5a0a5e355de,d74d1f4a7b2ada39e0ae318e86e682a7d703a7662f0fe00028e6155c6175e25e,prompt_difference
gsm8k_short_test_0028,16,16,8,99,99,16,8,256,256,True,True,18,3,False,False,False,True,False,False,cap_limited_incomplete,cap_limited_incomplete,True,31bbedc7469eb9674d607cb3a6742810db4d7ecc37a1ed290371b984dd67ab4f,0f9e6396defa350d10f71bda32ccf1db2bed26f8de4652e2da0e9d08ed859227,ab6d4ab05e765b6e7e29a84cca31b931d103a746001a0eb4caaf04f802045c1f,prompt_difference
gsm8k_short_test_0029,16,16,8,111,111,16,8,127,156,False,False,14,14,True,True,False,False,False,False,strict_correct,strict_correct,False,13033e7b7437ce12abf5e97fc9a1c9f6a4ed8b1a851123b7de2962d8ed453416,a7f5a1a194e0dded23ebf213c88c5fe45c4c16b88b515d4c0a07bc18cfe93a4e,7339078ffd54b6d26d980a606c85cf375c3baa88fba8226504d43eff4875335f,prompt_difference
gsm8k_short_test_0030,16,16,8,111,111,16,8,103,188,False,False,23,23,True,True,False,False,False,False,strict_correct,strict_correct,False,ce39cdbc3fe99a53b5ac0370cabdddebe48ad97ad7a342ad888a3d8ce646b36b,813521c29062e24efc07064fa56d37819654efee0bd9ecf84e7c616cc8f3d170,8fabc6037a59dee094d7f400b25ce8fd7d0df4853160e574ae8ade19522945cc,prompt_difference
gsm8k_short_test_0031,16,16,8,152,152,16,8,157,256,False,True,145,105,True,False,False,True,False,False,strict_correct,cap_limited_incomplete,True,dc466ad059d5eba5dcc8b2e0d18269a07dc9ba01d03cf6dd641ca00c491d80f4,1872f14335a91da0de318fb0b6fe0aab095ef4ac527ab162a8de7d5046fdf8ab,f359227f555ce1f634d19a5f9b1cf1d3504281e2dd4ba5d9cf0d1710a2981371,prompt_difference
gsm8k_short_test_0032,16,16,8,93,93,16,8,86,172,False,False,123,123,True,True,False,False,False,False,strict_correct,strict_correct,False,fe5015428fba5b2f02aacf23b5d05b23a5c0ab5876b9bd1388bf001b3e3c7fcc,5d5ddbeb3175f7fee413e7c01dcf8d0bdd9e9f5493f212ffe677dd4f564bda8b,da6324bffe8c4c70b908e82829bd79a5125c2ed4358ff0081ab6475b94ba094d,prompt_difference
gsm8k_short_test_0033,16,16,8,79,79,16,8,141,191,False,False,98,98,True,True,False,False,False,False,strict_correct,strict_correct,False,019e36b39b4287aaf68838b1a40c36cfcc64538f801f3d5e855c9e1ec6eb0972,b288be39a21986da505386f1dbbd6392f7c5b487660217769841e4df0b94467a,2ea7f2e1484add0787e2330b33382a15173f192065c139016373409b3821ed67,prompt_difference
gsm8k_short_test_0034,16,16,8,90,90,16,8,153,231,False,False,10.4,7,False,True,True,False,False,False,strict_wrong_numeric,strict_correct,False,082ea795397da92a23cb86b482174347e865e0935b196b112a8a7ddf47423fc9,a2deac45ef06c1ef248b62d6686d23c0f225813976898f2746d8e50fb8bc381a,720df47857c48ee45142aa28ee9dda1a52db378eb6d916ad76d9bf2ddac59a33,prompt_difference
gsm8k_short_test_0035,16,16,8,110,110,16,8,141,256,False,True,34,6,True,False,False,True,False,False,strict_correct,cap_limited_incomplete,True,9938c7d9ad59d1df2f9a41e9832927fa04d59a7e3470d8bdc6c4048c1e429fac,1c9fa2e1fbf5c7fc97bcd64c22a33bc3091793fefa2273b3cd099b280e550ac5,d8406ad34cbf13190ab9be48db4b1516687fab3f1a0a4f7dd4c3adf5d071c0ff,prompt_difference
gsm8k_short_test_0036,16,16,8,125,125,16,8,123,137,False,False,38,38,True,True,False,False,False,False,strict_correct,strict_correct,False,234734d4de6f141f668efb891046e80b46b27a542598e71f2708ba5378971647,53dd58f08bf0ca5bfc8bf0c1fd1b1e4d4c40ca56d8bf27078038bda07b904135,7eb95e7c9d0a9234533e0cade566472fd8c80f061b77ebf248d5f1b990e98031,prompt_difference
gsm8k_short_test_0037,16,16,8,117,117,16,8,113,177,False,False,320,320,True,True,False,False,False,False,strict_correct,strict_correct,False,a71ad09d1605251760ecd9fd5bb9d9dfae368599a570ae3d5c70f1948def7ca3,34adc95d8516d416cf195b04098828d713f9dea728708dc4cad7a1cdae08ecdc,d5c1de720698444a748ac3a06dcdda0f94fd6784c93281d97f9cfff5baba7e38,prompt_difference
gsm8k_short_test_0038,16,16,8,101,101,16,8,97,238,False,False,50,50,True,True,False,False,False,False,strict_correct,strict_correct,False,0e2e03ff573d1067a872bee846a66157e1b959fe3e00437a58cd299388d91e10,7375a79cfce1051a66a6e6b32b7353d2b8697ea344402c1d1118473ac5cd24cc,28242144309d208c3a52f3312d659c5124d3286937724977705d5b04a30e46b3,prompt_difference
gsm8k_short_test_0039,16,16,8,76,76,16,8,74,83,False,False,50,50,True,True,False,False,False,False,strict_correct,strict_correct,False,a4362d2365d62495113d3111c1617352e51d57bf17a33f62d38516ffa39ecfbd,1bfef8b5313495b9aaf4b4d555386428f79cf1b66372e4ad85c87ee9e69735fc,0ba3dbc2824d57e81b125f82b7d719163fa35cedf0d82f431de68dfe32aac382,prompt_difference
gsm8k_short_test_0040,16,16,8,108,108,16,8,91,172,False,False,84,84,True,True,False,False,False,False,strict_correct,strict_correct,False,5cbe49952c12f6632228b4aa0e0c406612bb3832ad3ce8c52a13d7b42e6669de,a9d94fd5acb9fc0ec660673a91235ea7dde5a5ecf287a8124e3a013e5b85a752,a917558a9b8eee645c137cb461aeea9c439cd7f13786ccdda7de5a340d642e7f,prompt_difference
gsm8k_short_test_0041,16,16,8,102,102,16,8,176,179,False,False,50,50,True,True,False,False,False,False,strict_correct,strict_correct,False,fe5828d07384458ccd1568f87fc5c799f2d7191554de9e3e67d16dcdd125b94c,372605ebe771c3f61132be6843bf8eb7a3f913ef5387d656cd720a976c5b072a,c2687bd2f88301609f19d584b45429651322e2b5080c4e37b2cb573c66ce47d7,prompt_difference
gsm8k_short_test_0042,16,16,8,80,80,16,8,96,124,False,False,8000,8000,True,True,False,False,False,False,strict_correct,strict_correct,False,6e0be44da6abdc76b24da07f6086ff8eb0c61338d68f296c724b656f22f0fc20,4d9ea79efbb3edf44906c8054dd6dafe10ad57a773072a1274498c531319fd54,69fa2374853f28163b9e69e08e65aa97cd6f97cefb64d947abbb7dd3643dd261,prompt_difference
gsm8k_short_test_0043,16,16,8,95,95,16,8,62,134,False,False,56,280,False,True,True,False,False,False,strict_wrong_numeric,strict_correct,False,2a0bdd1b3eedb90355eae4576180fea32c59a785237b51747464462d946df0a1,233d020cffe75b9658098b1b385566f767a0a3655d1225897dbce13937b90f60,c1a3eb79bdc0fa0f03aac6e2f443af1849dbbf5db541fc7738e21de2c9741f3a,prompt_difference
gsm8k_short_test_0044,16,16,8,88,88,16,8,70,141,False,False,30,30,True,True,False,False,False,False,strict_correct,strict_correct,False,d4d573add2784d379a93e6b819e45ef6d9d3e5a52ac2147985eb5118aa5f5d5b,181e1d122268dcf264d853a305f44c8dc80aa27b73f84cde1ffddbf273223eb1,fef3c45971d0c620d9709d2241c3972840a9c6194a8d41dddcc96f80be9d5d8c,prompt_difference
gsm8k_short_test_0045,16,16,8,92,92,16,8,116,256,False,True,176,8,False,False,True,True,False,False,strict_wrong_numeric,cap_limited_incomplete,True,afe970e4a4ef1c06d170b8da0ddb878456fd5b67ef55f9ef210545fb1e0d9c92,5cd027c718d53bbd59cac557cfd7a2e70bb35b5576e9320cac6f1d4dbdc70603,0cd21d2dfd1bc0123ac6a5458c7f9aa035156304a68390a493bab885e79acd30,prompt_difference
gsm8k_short_test_0046,16,16,8,105,105,16,8,83,127,False,False,276,276,True,True,False,False,False,False,strict_correct,strict_correct,False,bc86f224e0292a891b969b850f950117ba196caa04c1c84aca668a3294482bf2,28834a0206085afacdf1636678a281a8bf14984536eee372a2c19f9d8a35a1c1,09ea005ce7db711e3087b2296a68a52cf628e94b6d8c80669b1fd405748733dc,prompt_difference
gsm8k_short_test_0047,16,16,8,114,114,16,8,104,170,False,False,32,32,True,True,False,False,False,False,strict_correct,strict_correct,False,ffd744407de182e6c79040c44a2997a71ef003dd32512e2f75c993bf4fcfeaff,ebf1f19d187cd29f43dcc4649044e13b6e845c442e52ebc63e51091a9e311d99,56a520db097371b1b84a4222951f0157059707c9e4bf1cabb699cf4ddb02683d,prompt_difference
gsm8k_short_test_0048,16,16,8,122,122,16,8,183,256,False,True,25,16,True,False,False,True,False,False,strict_correct,cap_limited_incomplete,True,4c2f3d1f004d6edc137c0741c36a8e4339d4d5ed8a8088fdab99468e0f120fbc,274507b9e69182a22513ef8357631c23e058d33615d5c08a64817266951e5864,569ca681867943ad6c6a89e30098f495718e960dbb34327fb8d0f58913c37685,prompt_difference
gsm8k_short_test_0049,16,16,8,103,103,16,8,71,85,False,False,10,10,True,True,False,False,False,False,strict_correct,strict_correct,False,621ff9ecaee4432c6772e85ff928f9d29a956ac142a36a1e8085a596bb42df29,e1d53537ce1edc6bc5765ae8f5c2aba1c6da680f443fa9314169d3522bd026f8,39a6e5d5cd6458a729bd48eb9cad05cbe8f658f7c849cd06a05789fa5e7a7c65,prompt_difference
gsm8k_short_test_0050,16,16,8,100,100,16,8,94,217,False,False,84,84,True,True,False,False,False,False,strict_correct,strict_correct,False,ed98a5a5b2932665174e60b99b6509b9c88fe765518caf3eeb6c1aa62d6b2dc9,ef6e037b024eec3a3b22827e41fa7b6179b7ef7817f1d9f96aaac739df50056e,1826469fc3a9a8c30f7128b36af782a862a07e23960004a7555cd849c8010ed6,prompt_difference
gsm8k_short_test_0051,16,16,8,96,96,16,8,103,132,False,False,147,147,True,True,False,False,False,False,strict_correct,strict_correct,False,f44db3de363e359d992931be113de7b217a510444d5063f1e97c5f6330a73d94,4176e300cfc4e9e378b9e3d263ec3f21b1b5f43325bb1d30d17b7e622b864b25,abe62cb66e5df1461afce6296f7ad7a44d60e8609470ebab6e19fa8517f3e7b8,prompt_difference
gsm8k_short_test_0052,16,16,8,104,104,16,8,119,220,False,False,25,25,True,True,False,False,False,False,strict_correct,strict_correct,False,6328904fcc10a5876828bb723166b59bd170cfc4d147033473444e63b5fe5314,9e1e109b2b907389f9a245001a12da47b5a9afd00d521aca26f8bc7b3ce5776d,882dc9ba463146dcba7b2fe9b3648b182beee5d1bf6d259049bd106105f78f23,prompt_difference
gsm8k_short_test_0053,16,16,8,84,84,16,8,99,136,False,False,1800,1800,True,True,False,False,False,False,strict_correct,strict_correct,False,d5affea62fa044fd7792a3256c8e858c0e1a70928cc03620660a06f1132fe433,71f951818d45fb64d0843bf7bb8490eeca94dff722b794c10b89a400283121dd,f6e9c09a70264579bed5d9ad1ec34a4df83a0d02f77272e6188e48f441c7e9d1,prompt_difference
gsm8k_short_test_0054,16,16,8,78,78,16,8,105,116,False,False,20,20,True,True,False,False,False,False,strict_correct,strict_correct,False,5214052e01506248b730791772652ca6d475eaf40a62a78837f64ddaf92dded1,ee4ef8218805fa42894fa10b145dfdafb50c99cdfcd1897bfa13fb5ea6f10a03,ba339f7e1525c5a61af248f96c6d539d4c04d7ce68c6bc39614971c8271dc9f3,prompt_difference
gsm8k_short_test_0055,16,16,8,88,88,16,8,83,116,False,False,140,140,True,True,False,False,False,False,strict_correct,strict_correct,False,005032ebc360e058ee9486ee22bc3b8a7c25b9399fbd3cc7aabb339e1a542018,a3d0a4b79a5d3e11bb96e171c3f462e0b455c3789bd20edba3fde7a70a284cb5,071eec59385c74f75dcfd55459faea33ae341ff002ce3c3f0ddf5252ab421713,prompt_difference
gsm8k_short_test_0056,16,16,8,126,126,16,8,138,256,False,True,36,400,True,False,False,True,False,False,strict_correct,cap_limited_incomplete,True,f9d32b7140e3b65b72cb100cab4a18d519347f4a27be46cf3a7c9b10adcef019,ef40f5e693b71488e4ab5ffe5be5a205d3fb0ad27f316d49a5c0c061b0d1b052,8b663e94176fc83cba57405207e278d32bb303ff3b4b98e95e07ebb52f3410e4,prompt_difference
gsm8k_short_test_0057,16,16,8,91,91,16,8,133,212,False,False,1,100,True,False,False,True,False,False,strict_correct,strict_wrong_numeric,False,08ed705491803d884e4a3d9d1a14994f4079e4a4bcfb2dfd43d08c6db1caacb5,93019059b51149eeed69284cb886672f75b51aefacc1860bf6084eb9a859530c,2640d12b0738aecf92913c99452bcb7a1408a1f5f3abad3d8ec9fd5547e0e411,prompt_difference
gsm8k_short_test_0058,16,16,8,108,108,16,8,75,141,False,False,1,1,True,True,False,False,False,False,strict_correct,strict_correct,False,f06a5d77afeb4307592db092f57fe6e2a034915cb593b184bd29341d49b4e6d5,dfacd59c45e68dfcb35376f65a7566d0715ac9330fa54b732fcd3fc85854ebd3,8d04b84524d325412fdd7a880d096defa1809fcf65ee38b26d36976295b512ee,prompt_difference
gsm8k_short_test_0059,16,16,8,98,98,16,8,117,212,False,False,50,50,True,True,False,False,False,False,strict_correct,strict_correct,False,36a20a21494055137322933f9d1c8aa7eda78ba4a23156aac9cc9271e046771f,b0799daf12fa738eb92cbccc06df77dee75869706b708b9fc2943f445d9aa99e,940b71079b4bf0d8920b443b9d6480a1a70ddf35343d14216d389a2e0128d89f,prompt_difference
gsm8k_short_test_0060,16,16,8,119,119,16,8,112,221,False,False,860,860,True,True,False,False,False,False,strict_correct,strict_correct,False,01042998ea52b288c99e1513352e735857ec20ea1fbe1af2b0a1453f7214bbd0,7e60e0809ad0e39929cdb0aaf2bb6798e3128adee10e8b8f5e9954536d430034,361bb1b78d4771e432ae6813da2ccce661a9580e4e20e34c18b270327cd756b3,prompt_difference
gsm8k_short_test_0061,16,16,8,118,118,16,8,104,115,False,False,58,58,False,False,True,True,False,False,strict_wrong_numeric,strict_wrong_numeric,False,daee649d1f83fc6c0385dafdc8d503fb08f42e91d68b9062ea7edb09942eb205,29d6e069c686ec292ee81858e26f535ec2bdf11c61935fdd828a9f4189d6c798,916ffd2c6b8c9782f95e45b34693af5b9b03999811f4bba9c3bebcb13700673a,prompt_difference
gsm8k_short_test_0062,16,16,8,119,119,16,8,194,224,False,False,23,23,True,True,False,False,False,False,strict_correct,strict_correct,False,7a0f720fea650dfb9990a5c05c7471d05c1cb6e34447a53b1cee8015ed631a47,64d4e330420671306dbda10f57a50ec54d1b81859ef724f2756e6737c5c84453,a103aa935e5ce62d13cb830ac2c934dbca23f37dbe6f0dbb102ef1eb672179a4,prompt_difference
gsm8k_short_test_0063,16,16,8,100,100,16,8,103,146,False,False,350,350,True,True,False,False,False,False,strict_correct,strict_correct,False,dadd96bbdeb017e00e4e84f6cb8a77edfcb3e266659c447df51b1e1351f7bc8e,d314ccddf96dd1e6e7bc54fcc1ad99bf3bb0bcbb5ecd8f368fd149c1a9d5dfc5,66b8869c9d3f4106c7678612a5d760c1b56156096965fcf9134fe0faf747eb79,prompt_difference
gsm8k_short_test_0064,16,16,8,123,123,16,8,166,195,False,False,100,100,True,True,False,False,False,False,strict_correct,strict_correct,False,21cad3b483cfeb685d597747fac7b9443d4707e40ad89b8b9429fb9c96117040,f319f23ff29a2e9942f35ae839f4aae625e3768ce206380deac9f26927771995,a9e99482669ffd87aedd86e93c489c7744ef77cfde1197ecb7f89445445d9f55,prompt_difference
gsm8k_short_test_0065,16,16,8,69,69,16,8,61,78,False,False,133,133,True,True,False,False,False,False,strict_correct,strict_correct,False,f41906caf90fb9885a23efdd27f71eb856805c1046efd759af1a606c03e7fb5f,61f22d33cfc07077f339dc21c93ab8016ef0ca01d574b560f8f46465f201fe6d,92ec968b582414b3deb772856e82c93e65c32f0c9ea07e45abdb753c52c5a1b0,prompt_difference
gsm8k_short_test_0066,16,16,8,121,121,16,8,108,256,False,True,112,48,True,False,False,True,False,False,strict_correct,cap_limited_incomplete,True,53c88612f29287dea8019f2490ff929b3b58f1c41153a5707ee5badedb53ede6,31e528b2a572532f9c2d7372cad0afdf47d4fda49d3b36ad5319c71a9e6a1477,0111ea5bea22e38efe10023abe60e67009e6590c49cf29af0af0fb4c66c4da4b,prompt_difference
gsm8k_short_test_0067,16,16,8,85,85,16,8,47,72,False,False,13,13,True,True,False,False,False,False,strict_correct,strict_correct,False,6df2ac61e34c1e6605d627b113aa07933cddb16ae6c8c943556aa3ee0400dde3,40f3ccd8665d268a29c8925967abef256db60e9feeea3df6537a6493243ba94e,8a1f48be89f185b3b61c97c462e0798d7ffac248bcf962e112450212f89ff9e3,prompt_difference
gsm8k_short_test_0068,16,16,8,94,94,16,8,75,187,False,False,117,130,False,True,True,False,False,False,strict_wrong_numeric,strict_correct,False,bfd8bd704a58da5fab89cc1e5587f45ee301d6f387d85022092b37682f868090,1efcfd46d19295ab00b8a7e0b97b9ce6ff23873b440921890e3c418323651351,e8f63cd344b5a3231d5272e131f2959464d25e84430985b17245246501e40139,prompt_difference
gsm8k_short_test_0069,16,16,8,124,124,16,8,126,143,False,False,2125,2125,True,True,False,False,False,False,strict_correct,strict_correct,False,c19550ed4b6f17279b9333b2a16b3fa6b655a632cab456c9c118a186663b579f,b04b686488ddbb2f3dd8b3518123aa7671c56f1cfeda7e8fd74c1cfd677a5bc8,f3edb84c0529805f932ffaf616c4f3d76ff56349c7ecacbc07b831f9919f98d5,prompt_difference
gsm8k_short_test_0070,16,16,8,130,130,16,8,66,88,False,False,7,3,True,False,False,True,False,False,strict_correct,strict_wrong_numeric,False,90866fb92ec9e3c2a00e1c68aaeb6e23ee980a8b1692b89caf55f79bf8b1efe8,3cc835d4262cf4855ee33f8a00cfdf20ea75bd759e6f19f9d07f1123cacc0bfa,3cb62a14f23c924a547eb87f5e7fa2d92109f74d82739d7343e11fc45cde9780,prompt_difference
gsm8k_short_test_0071,16,16,8,89,89,16,8,82,113,False,False,120,120,True,True,False,False,False,False,strict_correct,strict_correct,False,c11485a87d394cbf3d4f1c5f239d16cd04d636a935e22e9445983099ff7120c3,6824f78cd87955b2d4ca19a5f7b9deb86a4c7b35ae6f458c056273df5d75635f,909c759ad17b9b854868be0f2577e1c79aabaa6185c604d3dd678a13649e4fd8,prompt_difference
gsm8k_short_test_0072,16,16,8,118,118,16,8,115,136,False,False,8,8,True,True,False,False,False,False,strict_correct,strict_correct,False,9cf183af05e76f178bceab95e6b086c2bb15adc7f9941eb571761a8ae7389e57,9fae688d6a46c1b870cf10c0f1457d8a3a0026db3885c904dc0ace89c8c6de30,659d96a81bacca99be171c1b0649b160b21abfe1d996006109f82d9fb31f7218,prompt_difference
gsm8k_short_test_0073,16,16,8,105,105,16,8,166,248,False,False,144,144,True,True,False,False,False,False,strict_correct,strict_correct,False,1617e53920ae39b1ebcb1bceaeb0bfa70058bdf198fba7bed7a651d9faccdd14,4f463e8d7cffe6c9578eecd647f68f6fd35f8dd01003d80fa14e4b52ea871f20,9be9b4a08df62fcfc0bea6e844a2818b9479f4e609499504262fbf048a32b66f,prompt_difference
gsm8k_short_test_0074,16,16,8,98,98,16,8,51,107,False,False,6,6,True,True,False,False,False,False,strict_correct,strict_correct,False,084889bc47155bfd55b7c84987c44f8de6d85fb980aae97b19530ea7b0c12ecc,d0c4645f6c270030962a2ff0a2099023adcc1f5db0cf1fae26b6a078fb0e39cc,f69007de0a81a6d0fe83627d600fd32387729825f4c383c2c436f21c334069e8,prompt_difference
gsm8k_short_test_0075,16,16,8,86,86,16,8,65,99,False,False,450,450,True,True,False,False,False,False,strict_correct,strict_correct,False,bce36131c456ef26f1650f5148cb8e4416222c76c8eda3195996c0d81451872c,cd2effb60fc67b48ff116718f129676bb95956db39a47c7ec8f376bc1d36eb94,8e69408e3add7c9d5ec48f09aca0574150da9d3aa81094a4db0a3f5a07f4232e,prompt_difference
gsm8k_short_test_0076,16,16,8,133,133,16,8,253,251,False,False,4400,4400,True,True,False,False,False,False,strict_correct,strict_correct,False,f177f877a6f61e2d6222b9b1258ebf2b6af30d1512f452f664bedba004c526c7,25fdfaf98a15679a70443c9cfb9b598bc18112be6b81728c0e037ca64e90e7f9,8615746f35ce418943c9a9fbd8ad026f4af82e6e6a8b9ac4c5874817800c35c9,prompt_difference
gsm8k_short_test_0077,16,16,8,111,111,16,8,114,205,False,False,450,450,True,True,False,False,False,False,strict_correct,strict_correct,False,58706a0b8494c69f60bff63f5529b080f81681af34d82650fda8485c6726ee3a,b60fef208627162cb3c220aa8e2b63741b51cf413dd21faa9e7c762eb9e78ae0,a5b19787b983f0c2106bbc50b081fe70fc059671a163186c32638b0dd435c47f,prompt_difference
gsm8k_short_test_0078,16,16,8,112,112,16,8,256,256,True,True,8,16,False,False,False,True,False,False,cap_limited_incomplete,cap_limited_incomplete,True,a7e6a74d896d5d5844f9c7cb8237c5e4582de372655f922b11764a1508c70f3e,6eb47fe90c55f4361a95e75490d4b5681588702c05e9b7ff9a1178bdb78857e3,f9e849d63051a1834fefd771339d2a28cdbb2dfa9a2caa00500a76ca1fad7e44,prompt_difference
gsm8k_short_test_0079,16,16,8,91,91,16,8,124,202,False,False,27,27,True,True,False,False,False,False,strict_correct,strict_correct,False,c0b4aaa82271bd144c0c3246b5cd5e114270a416174a079d3e7295f8790ca7ac,4a5a8ee3cb4cca859813eab65c52cbb5cf6a08400afa487d4bc01005a9915625,3bb5f83cedab5fcb162f87da174d6fd14d9cc33e5d1a152c3ed977d45202f50d,prompt_difference
gsm8k_short_test_0080,16,16,8,91,91,16,8,80,85,False,False,112,112,True,True,False,False,False,False,strict_correct,strict_correct,False,47784a716cf6fbfc278352c6a1ece23e107419bffb60c1498c13d7ffe24560ec,20bb7eff16d5a6b3a72ada4685d8a9f781a459051c8508aa9ca018a197764293,c945220084e71776c92d6b786e513b5bf0c59f66cca534e2264a7c71961c26b3,prompt_difference
gsm8k_short_test_0081,16,16,8,95,95,16,8,122,122,False,False,32,32,True,True,False,False,False,False,strict_correct,strict_correct,False,224d1cde9ea4deaef1f872b0c643ecbedab5138b8d2ba343398da0e32610dad9,4616367e039a9324defce7983a2d3ff9d85bef7b7059b554c454930b704d9f86,a09d46a7b048579932c6422319acde8cb495e1037fef87ea6dfc1fbeb88629a3,prompt_difference
gsm8k_short_test_0082,16,16,8,122,122,16,8,137,256,False,True,6,6,True,True,False,False,False,False,strict_correct,cap_limited_incomplete,True,dfd730ed75196832b3a96293713ebe4cafe49ea6070344b61b1c44f7f26d7fa7,9bc923c63a809bc8d61ca182b269b042f9024a91a5ae6064627b0b4670909074,a8b7d7a0cf3bf7e0ea49e1f9b0e45c6f6290a603b52cf907b9059da703961fcb,prompt_difference
gsm8k_short_test_0083,16,16,8,99,99,16,8,86,108,False,False,4,4,True,True,False,False,False,False,strict_correct,strict_correct,False,0d186d014ba413d152d762c4ab8b637199417e91afc01386c903e3cd6bdbe4f1,2f87bfe9473b924694239208c50ba0f7dd510c18e2c698d3d6fc15c949bffe00,f47de8e9b408b53d4787f4a55698f0dc44c42d94ebdb83ab6ccd6cb69e566c53,prompt_difference
gsm8k_short_test_0084,16,16,8,88,88,16,8,70,100,False,False,79,79,True,True,False,False,False,False,strict_correct,strict_correct,False,b0d20da997d352b1cd7bb46a496ac975e0dde0f72f7b8a2931715675bcfbbdda,37a1e532e8c0094a029cf07dc5dfbed28ffb1272baff2ebaae83efbdc3902339,5fec24e2ff47289d435b9984c3a7ee7f687f50157cd30c48fbd49a60b069254f,prompt_difference
gsm8k_short_test_0085,16,16,8,119,119,16,8,86,139,False,False,35,35,True,True,False,False,False,False,strict_correct,strict_correct,False,0b20bda919ac8c1316500c440d461f9e6174b1aa79d456356f9dd7e4d067ca14,50ca8259025c7d13fb12987417f206541ebb8ba259d90522ac893ed6c72727c7,20d259408d0158600f43b90d78b896c9319113cf4afbb1883e4584cb43530453,prompt_difference
gsm8k_short_test_0086,16,16,8,78,78,16,8,68,118,False,False,100,100,True,True,False,False,False,False,strict_correct,strict_correct,False,7c05567ddf766f76142afeee7d8fc456ba78f655d52e39fefb898a89bb605041,31999635655a2e71d41d75401ac313666789f31e26fd642d45a680d4db0b1c21,49bc79b40f64fd97498faee18eb585f2244e554d7fbb02aa5ddf032cd72a772f,prompt_difference
gsm8k_short_test_0087,16,16,8,88,88,16,8,131,119,False,False,40,55,True,False,False,True,False,False,strict_correct,strict_wrong_numeric,False,da86730a62ef5ead131df704419562ca9cd8da4f1531bb5645b6fe90ba2aadf1,ee13a89e6bfb345c3fe424fc18ef0210bd7e71b4b9f79ece893d2f5144991c61,04d6e8b8fb816ad30b516d2cd530423f942bf05ae89073ee154a0bbc6f72b710,prompt_difference
gsm8k_short_test_0088,16,16,8,133,133,16,8,91,256,False,True,30,30,True,True,False,False,False,False,strict_correct,strict_correct,True,335654d61f9247416b13fdc8cc45c920bb68d40c6c0ba43d3d1ccc07d6238c93,0f4b9bfda047902384d02a8d860ba8d5a8f8b4265450844c87c2df33d8e7ce7a,792e2ebcc85b8fad6bee2cc4f30705956bae30944c3b0b5a160d848f58afbf3f,prompt_difference
gsm8k_short_test_0089,16,16,8,113,113,16,8,110,256,False,True,140,20,False,False,True,True,False,False,strict_wrong_numeric,cap_limited_incomplete,True,da1fbb1f6142ec8511631f8ef3d3693bf9af7c7e33cd247d0631121a2ae9cc79,645be8b9c8ce318d8f28b66aafe50482e900883f9e6b96af6c03cf03d45569b0,59b8347e6080c1e77680cfe4e0559df54963e6b5bedf9e503088869d4a1cde79,prompt_difference
gsm8k_short_test_0090,16,16,8,93,93,16,8,103,256,False,True,29,29,True,True,False,False,False,False,strict_correct,strict_correct,True,08d8247ea8290eff699fce17faacb3d963175f07e80b649fef8d41a4cc9bb875,48e4b0b55049be9dc4cb18da113b1e0d64bda664d4826112789f769be1887f1a,a8de57c32fb9963ad0e300d58e8757a170c2e49fa9e0e0ab8c6921b5ff0d7e7f,prompt_difference
gsm8k_short_test_0091,16,16,8,83,83,16,8,41,77,False,False,5,5,True,True,False,False,False,False,strict_correct,strict_correct,False,e4649e5a7db9125e53346960626c73b9af8f71775009946dd40f93fb31cb875b,d1141ac265d17ff7b64c9b656f97d1f5e1900199cb4e13d9d693eee421d088d4,8f395d2ea1b4d5dbbc2d23cf45fe96578de6ede38c244ed3391a6b315d5ea891,prompt_difference
gsm8k_short_test_0092,16,16,8,97,97,16,8,162,256,False,True,12,12,True,True,False,False,False,False,strict_correct,cap_limited_incomplete,True,b92100d4f1c0f6f91ca17cc89cc5da36ec7100c79c7eeac5cdcc852ce7f3cb87,e9d058e3b3375702c37290d75a9de78125284e0ad35987062accd7e5420f603c,088fd2ded8ca60c685f2793ed0bc11d99bb8e9c0991887d19d0d6ae1749b40e7,prompt_difference
gsm8k_short_test_0093,16,16,8,106,106,16,8,218,256,False,True,310,6,True,False,False,False,False,True,strict_correct,cap_limited_incomplete,True,1ecc5cf341a3843985843e7c3cfb74266a3576f1a592a7a74b64cfe5338266ab,ad28fd84e79ea6b298dbcd15e49632dd605befaaf7cce96d92fa72874dfd6f51,77571c7e1dad15637599fd4c8e6e36d4c37db44c54cc4d726ff4a91d85e4fce7,prompt_difference
gsm8k_short_test_0094,16,16,8,117,117,16,8,91,116,False,False,230,230,True,True,False,False,False,False,strict_correct,strict_correct,False,090bc9a7e7586fda1b6dec6529bcaca74b4caf70fa41927167eec4f68dd8c2fc,162ae5d5be23ef77e95450a510fe73cf2c0cb96df2d309077a3340658f086f26,49e97a3fa69eef2aa2cb11ee8ccc0f32b25869659f0ba6f6f263c1e037c62d4e,prompt_difference
gsm8k_short_test_0095,16,16,8,123,123,16,8,98,255,False,False,650,650,True,True,False,False,False,False,strict_correct,strict_correct,False,cbccdfc123fa17cae2555ad4087b76dbf8f1bd44ca5ab0451caeb277c5b9309c,3c8031dc257c75609057f498e0b7ed0da4428dbf85ad613f93574b82db2b27d5,91785bccf11d00150cfa7ab2f780e4e8e3b764526eb3843e2a453202ea0634b4,prompt_difference
gsm8k_short_test_0096,16,16,8,94,94,16,8,92,137,False,False,75,75,True,True,False,False,False,False,strict_correct,strict_correct,False,63a6dd30ff00161860a23977672e274f78e5fd37ea2c169bf6dfea75dc647751,44efbb619a637936166b6c38ac3b886221adb6e849a1f04e2d90166b1ec7b735,f4aa73b456bb9bbbd771dd75b7d17d5f6382c3628d5a57133892afafa1bf322e,prompt_difference
gsm8k_short_test_0097,16,16,8,98,98,16,8,156,167,False,False,7,7,True,True,False,False,False,False,strict_correct,strict_correct,False,1400dc0adf650872dfe6cc91319b959c1a93779d715a5663d60f9c5b4fc9643f,cb5954053ac9512809412668f8814b6b340a773efe76ce8a8803080d02a2327b,805513ff608ccf4363e9d3d52e792d1494db01d5b918a4ce50c47a2a9ba5d93d,prompt_difference
gsm8k_short_test_0098,16,16,8,145,145,16,8,147,256,False,True,1200,8,False,False,True,True,False,False,strict_wrong_numeric,cap_limited_incomplete,True,8d72c57fe93872ad03a6c6ca6baa8484f1da0556606db03aaaf8dd06ef92e415,3e941616e0aef2ccdc716ee28d923a5cca2268a8795f0d978603283aaacd56a9,263052a797de41356d1c9c0a0aa8a25173b0d04498b3c93d47200a6ffd008922,prompt_difference
gsm8k_short_test_0099,16,16,8,114,114,16,8,127,256,False,True,90,3,True,False,False,True,False,False,strict_correct,cap_limited_incomplete,True,b0b8edd8de2b254f0ae38caf269a77eef2d2d550678e32f319a7a5356b1df9b9,d19e77e137c62d71c9ec8967981b0ffd29d5279ceaa109ffd917932c3a06d8f9,d8922ea186bb76305a458dd60b19ff232cefe8df7cff9bb24c10f98def5eaa4f,prompt_difference
gsm8k_short_test_0100,16,16,8,111,111,16,8,75,111,False,False,18,18,True,True,False,False,False,False,strict_correct,strict_correct,False,b2bd1229928903d468364faf4b38e0c0dc8f084331c7a6ac9385db6737410565,7f6d3c213349806769fe1ed9169e3277df45c0a151a994561d8c0a7426343372,a8b0ea069b56363f8be7de33f7509a72ff56d8d6bfde5eca7366651e76b6f5cf,prompt_difference
